                  epoch,         train/box_loss,         train/cls_loss,         train/dfl_loss,   metrics/precision(B),      metrics/recall(B),       metrics/mAP50(B),    metrics/mAP50-95(B),           val/box_loss,           val/cls_loss,           val/dfl_loss,                 lr/pg0,                 lr/pg1,                 lr/pg2
                      1,                 1.8573,                 3.1165,                 1.8046,                0.00333,                      1,                0.65423,                0.36935,                0.94461,                 3.3981,                 1.3044,                0.00014,                0.00014,                0.00014
                      2,                 1.4677,                 2.0553,                 1.4694,                0.00333,                      1,                 0.5742,                0.29131,                 1.4391,                 3.4033,                 1.7788,             0.00028515,             0.00028515,             0.00028515
                      3,                 1.4801,                 2.1851,                 1.4925,                0.00333,                      1,                0.56899,                0.36223,                 1.3256,                 3.4639,                 1.5507,             0.00041446,             0.00041446,             0.00041446
